framewise_displacement	trans_x	trans_y	trans_z	rot_x	rot_y	rot_z	eddy_stdevs	original_file	grad_x	grad_y	grad_z	bval	image_mean	series_b0_mean	series_b0_correction	DWIDenoise_pre	DWIDenoise_post	DWIDenoise_change	Gibbs_pre	Gibbs_post	Gibbs_change
n/a	0.0	0.0	0.0	0.0	-0.0	0.0	0.0	sub-01_dir-AP_run-001_dwi.nii.gz	0.0	0.0	0.0	0.0	39.4781106537644	39.41001688634079	1.0	39.54363012459287	39.54505140814037	0.0545893441774963	39.54505140814037	39.4781106537644	0.0544912673441666
0.0501497893979	-0.0008099357071	0.02235570441	-0.01639793668	-0.0001419867476	-8.348831216e-06	-6.13886732e-05	0.0	sub-01_dir-AP_run-001_dwi.nii.gz	0.0	0.0	0.0	0.0	39.47782247378265	39.41001688634079	1.0	39.53817703217357	39.543392518423865	0.0545657861534683	39.543392518423865	39.47782247378265	0.054442419056459
0.03984008456370001	-0.01432463659	0.024001892	-0.01839320582	0.0001409832184	0.0001127035794	-0.0001110448356	0.0	sub-01_dir-AP_run-001_dwi.nii.gz	0.0	0.0	0.0	0.0	39.48589908440555	39.41001688634079	1.0	39.55246622378466	39.5518252468984	0.0544274859804619	39.5518252468984	39.48589908440555	0.0545107406678294
0.06896645789200001	-0.01434947488	-0.00574517972	-0.03831491305	-4.608545714e-05	0.0001801636099	-0.0002419729426	0.0	sub-01_dir-AP_run-001_dwi.nii.gz	0.0	0.0	0.0	0.0	39.47993604844364	39.41001688634079	1.0	39.543498724775546	39.54668853741168	0.0546785616606975	39.54668853741168	39.47993604844364	0.0544265559493302
0.07485549387500001	-0.02886343084	-0.007699392183	-0.03623460795	0.0003172118741	0.0005615266273	-0.000623453001	0.0	sub-01_dir-AP_run-001_dwi.nii.gz	0.0	0.0	0.0	0.0	39.4392183914241	39.41001688634079	1.0	39.5096234210481	39.506688386334815	0.0545771138197742	39.506688386334815	39.4392183914241	0.0545099184392729
0.09236289624800001	-0.04401935963	0.01564430318	-0.07431722291999998	0.0002310499549	0.0005097322864	-0.0004457961186	0.0	sub-01_dir-AP_run-001_dwi.nii.gz	0.0	0.0	0.0	0.0	39.38466593620203	39.41001688634079	1.0	39.449750340347066	39.45168522517	0.0546968429272215	39.45168522517	39.38466593620203	0.0544001732877629
0.129932097405	-0.03974871345	-0.03042822652	-0.05455925919	0.0007522568922	2.81075736e-05	-0.0006395836244	0.0	sub-01_dir-AP_run-001_dwi.nii.gz	0.0	0.0	0.0	0.0	39.49174627212917	39.41001688634079	1.0	39.559079296558615	39.56045608311834	0.0544196943364305	39.56045608311834	39.49174627212917	0.0544996134238341
0.07112913254400001	-0.04075081378	0.007462069713999998	-0.07188619723	0.0007228439207999999	0.0002907960443	-0.0006334891077	0.0	sub-01_dir-AP_run-001_dwi.nii.gz	0.0	0.0	0.0	0.0	39.48223121439787	39.41001688634079	1.0	39.54630227989453	39.54946762790057	0.0542062234250996	39.54946762790057	39.48223121439787	0.0546784385417708
0.112221316324	-0.04209500509	-0.03363223799	-0.08819704269	0.00118105358	0.0001105556948	-0.001064478536	0.0	sub-01_dir-AP_run-001_dwi.nii.gz	0.0	0.0	0.0	0.0	39.46074961147679	39.41001688634079	1.0	39.524641773940616	39.52935992759211	0.0545358629158365	39.52935992759211	39.46074961147679	0.054405282930654
0.2875505084225	-0.02872956604	-0.162925002	-0.1028708214	-3.255922275e-05	0.0002953564981	0.000141478391	-6.504857708999999	sub-01_dir-AP_run-001_dwi.nii.gz	0.999982	0.0	-0.0060117	500.0	21.435201259392404	39.41001688634079	1.0	21.45148546416447	21.45511720987145	0.1012546004357648	21.45511720987145	21.435201259392404	0.0426504323578626
0.08554594831099999	-0.02378759229	-0.1872805726	-0.1238073174	-6.125507207e-05	0.0005782960216	-0.0002531243954	2.7091685999999995	sub-01_dir-AP_run-001_dwi.nii.gz	0.725983	0.68769	-0.00566737	500.0	20.980329849320743	39.41001688634079	1.0	20.99747432318324	20.9988480379144	0.1033273578213447	20.9988480379144	20.980329849320743	0.043891944445442
0.0539435871935	-0.02421831544	-0.197381054	-0.1304402127	0.0003577323805	0.0008573845843999998	-0.0002156106639	3.3777128199999966	sub-01_dir-AP_run-001_dwi.nii.gz	0.165934	-0.198647	-0.965922	500.0	21.028247838916247	39.41001688634079	1.0	21.048296972203552	21.046721464621573	0.1027724942538244	21.046721464621573	21.028247838916247	0.0431412247378116
0.16980634081	-0.02688914731	-0.1369886974	-0.1072393081	0.0005553467781	0.0001635369117	0.0005637722206	-10.1457445	sub-01_dir-AP_run-001_dwi.nii.gz	0.73378	-0.619296	0.279356	500.0	21.212362548555344	39.41001688634079	1.0	21.234327879163867	21.232063215287496	0.1018677381845941	21.232063215287496	21.212362548555344	0.0434622158149704
0.18041442316	-0.03804535343	-0.1950902761	-0.107451909	-0.0001900004136	0.0007790659437999999	-0.0002942323044	-12.003172	sub-01_dir-AP_run-001_dwi.nii.gz	-0.238806	-0.707294	-0.665363	500.0	20.96480606867188	39.41001688634079	1.0	20.986273027279463	20.984199109537165	0.1032024945365096	20.984199109537165	20.96480606867188	0.0435855782488521
0.10259201641500001	-0.02922527633	-0.2241426542	-0.1194122188	0.0005756377359	0.0008197405259	-0.0005431046011	-13.912636890000002	sub-01_dir-AP_run-001_dwi.nii.gz	-0.756056	-0.223026	-0.615337	500.0	21.205486538188477	39.41001688634079	1.0	21.229448853159628	21.22356832499595	0.1019746882842456	21.22356832499595	21.20548653818848	0.0429520321552673
0.24994574112	-0.05249321329	-0.09434349402	-0.145927413	0.0001083538373	0.001084587653	-0.001218242571	-7.375560709000002	sub-01_dir-AP_run-001_dwi.nii.gz	0.542135	0.476949	-0.691816	500.0	20.95142422409741	39.41001688634079	1.0	20.96723836357684	20.96880839763993	0.1032787095453858	20.96880839763993	20.95142422409741	0.0439630552684965
0.195232680715	-0.05573838525	-0.1800016094	-0.1128650669	-0.0004057203769	0.001062794472	-0.0002887690207	11.162830100000003	sub-01_dir-AP_run-001_dwi.nii.gz	0.0783762	0.996922	-0.00199757	500.0	20.76981641177945	39.41001688634079	1.0	20.79044314049872	20.788274277754343	0.104162943196131	20.788274277754343	20.76981641177945	0.0448310784784273
0.09564660915	-0.05262706449	-0.1520650058	-0.1001674365	0.0001773504191	0.0006797678652	-0.0003606927057	-10.007171369999998	sub-01_dir-AP_run-001_dwi.nii.gz	0.769831	-0.182879	-0.611487	500.0	21.167905104506048	39.41001688634079	1.0	21.18516926881387	21.186494393003684	0.1021040605298262	21.186494393003684	21.167905104506048	0.0430200261766626
0.10457570694949998	-0.04047584205	-0.1854291475	-0.06691606204	3.449807991e-05	0.0004064940731	-0.0004607459414	-14.05606789	sub-01_dir-AP_run-001_dwi.nii.gz	0.483407	-0.780348	-0.396705	500.0	20.925047899074027	39.41001688634079	1.0	20.942655827258783	20.9445729531796	0.1032305048191175	20.9445729531796	20.925047899074027	0.0437852934880528
0.2127492008455	-0.02839303715	-0.04550830519	-0.03931229816	-0.0002914571087	0.0004203917633	-0.0001377630251	22.070951000000008	sub-01_dir-AP_run-001_dwi.nii.gz	0.0808535	-0.790478	0.60713	500.0	20.84779988355178	39.41001688634079	1.0	20.865419660859224	20.86678067192553	0.1035793958502533	20.86678067192553	20.84779988355178	0.044950517644509
0.109376572545	-0.02211825409	-0.09117592786	-0.0332217608	0.0001902144577	0.0006670973962	0.0001607323647	6.7499665	sub-01_dir-AP_run-001_dwi.nii.gz	0.365326	-0.245701	0.897869	500.0	21.238490636946047	39.41001688634079	1.0	21.257658886074204	21.25824064785968	0.1020442006801012	21.25824064785968	21.238490636946047	0.0436670580196424
0.23597964896000004	-0.05723088848	-0.1941392649	-0.03463204498	-0.001069054822	0.001325876103	0.0001725522452	7.719306600000001	sub-01_dir-AP_run-001_dwi.nii.gz	0.999992	0.0	-0.00400391	1000.0	15.204023149717344	39.41001688634079	1.0	15.213981371383271	15.214397215421323	0.1398706021608733	15.214397215421323	15.204023149717344	0.0479002856725702
0.14573428038500003	-0.04801521802	-0.2286114367	-0.08731727343999998	-0.001411938807	0.001400528708	-0.0003971353581	-6.662688359999999	sub-01_dir-AP_run-001_dwi.nii.gz	0.479923	0.877299	-0.00447899	1000.0	14.612302391836284	39.41001688634079	1.0	14.625453437074569	14.62351227522144	0.1456812404969314	14.62351227522144	14.612302391836284	0.051311016568221
0.129424206	-0.05535698082	-0.198999557	-0.126483446	-0.0008930141338999998	0.001662454219	-0.0001118977234	22.587772100000002	sub-01_dir-AP_run-001_dwi.nii.gz	-0.154851	0.464149	-0.872116	1000.0	14.70178575054086	39.41001688634079	1.0	14.710696375949956	14.712435737409944	0.1445599198556087	14.712435737409944	14.70178575054086	0.0509464887714303
0.134221375426	-0.03733864845	-0.2062463637	-0.05095010827	-0.001114924788	0.001232839189	-9.496543498000001e-05	-15.500774239999998	sub-01_dir-AP_run-001_dwi.nii.gz	0.941212	-0.302805	-0.149763	1000.0	15.183605765478312	39.41001688634079	1.0	15.189846886901377	15.193864292891297	0.1397250122696776	15.193864292891297	15.183605765478312	0.0478594171561622
0.1287997904215	-0.04792592771	-0.2151255744	-0.1005372542	-0.0003513230768	0.00147985795	8.933718345e-05	-4.873614199999999	sub-01_dir-AP_run-001_dwi.nii.gz	0.0284687	-0.480153	-0.876723	1000.0	14.914815299861392	39.41001688634079	1.0	14.926517344775888	14.926205330253348	0.1424835238438696	14.926205330253348	14.914815299861392	0.0489733067465984
0.1875648229225	-0.06096542499	-0.2727409387	-0.05210227257	-0.001032897737	0.001962217269	0.0002949027985	-19.37986901	sub-01_dir-AP_run-001_dwi.nii.gz	-0.632977	-0.148329	-0.759828	1000.0	14.996814310366195	39.41001688634079	1.0	15.0088350221441	15.008387734691404	0.1415539672383116	15.008387734691404	14.996814310366195	0.0482285517986884
0.16012243953	-0.02484458096	-0.195196459	-0.02755261545	-0.001037230133	0.001548562199	0.0003150645061	3.581563910000001	sub-01_dir-AP_run-001_dwi.nii.gz	0.502474	0.335997	-0.796634	1000.0	14.799831887677572	39.41001688634079	1.0	14.805968782849954	14.810226850980367	0.1439089137022027	14.810226850980367	14.799831887677572	0.0499962835107194
0.09888087193	-0.02835424011	-0.240672401	-0.001585831575	-0.001408193377	0.001562515739	0.0004087174602	-3.055922129999999	sub-01_dir-AP_run-001_dwi.nii.gz	0.134451	0.98983	-0.0464678	1000.0	14.500208932124446	39.41001688634079	1.0	14.511452248013924	14.510254649291188	0.1458592014987088	14.510254649291188	14.500208932124446	0.0517934653550702
0.10067609139850003	-0.02240073233	-0.2069740087	-0.03158061212	-0.001277109492	0.001435514307	4.621456173e-05	-14.12256706	sub-01_dir-AP_run-001_dwi.nii.gz	0.757249	0.260305	-0.599012	1000.0	14.909572549520664	39.41001688634079	1.0	14.917069482500128	14.918517368425912	0.1419869327501466	14.918517368425912	14.909572549520664	0.0489260944611379
0.0536234035785	-0.02822685751	-0.242425767	-0.02825497951	-0.001266932115	0.001531854155	0.0001200950865	-8.9667203	sub-01_dir-AP_run-001_dwi.nii.gz	-0.0312641	-0.957503	-0.286725	1000.0	14.637158558731622	39.41001688634079	1.0	14.65003489634493	14.648640303583509	0.1444782961704998	14.648640303583509	14.637158558731622	0.0506385417131469
0.258956809909	-0.005685136801	-0.06951692764	-0.01711624169	-0.001234320225	0.001361476956	0.0009644562379	3.5615965999999983	sub-01_dir-AP_run-001_dwi.nii.gz	0.110437	-0.944933	0.308068	1000.0	14.5662332704919	39.41001688634079	1.0	14.571311327095072	14.576868610243386	0.1454340541219385	14.576868610243386	14.5662332704919	0.0514388812288174
0.08495827863600001	-0.02784890159	-0.04160893933	-0.007068415158	-0.0008977105608	0.00149356632	0.000936381286	-2.9145535000000007	sub-01_dir-AP_run-001_dwi.nii.gz	0.37794	-0.693616	0.613236	1000.0	14.732436127709102	39.41001688634079	1.0	14.740401351048614	14.743880573949388	0.14373765932502	14.743880573949388	14.732436127709102	0.0508996829804511
0.33476958253199995	-0.05340987068	-0.3066605795	-0.01113808962	-0.000664317864	0.001193767763	0.0006678265636	-3.0525034000000004	sub-01_dir-AP_run-001_dwi.nii.gz	-0.309152	-0.711024	-0.631561	1000.0	14.77598785762513	39.41001688634079	1.0	14.787741904909614	14.788170960261864	0.1434468769791795	14.788170960261864	14.77598785762513	0.0495721543238129
0.15101425861399995	-0.04169550285	-0.2470170512	0.009119304144	0.0001794007985	0.00144839508	0.0007574599585	6.4815026499999995	sub-01_dir-AP_run-001_dwi.nii.gz	-0.569281	0.750872	-0.334829	1000.0	14.667484703362511	39.41001688634079	1.0	14.677291742060005	14.679332389706625	0.144986384237144	14.679332389706625	14.667484703362511	0.050687925195885
0.28387190508800003	-0.01992458582	-0.1063240234	0.08354728507	-1.322517164e-05	0.001030799234	0.001086837729	-2.8609132699999993	sub-01_dir-AP_run-001_dwi.nii.gz	-0.645201	0.0350945	0.763206	1000.0	15.098436199405452	39.41001688634079	1.0	15.107702614210137	15.110284604555584	0.140543288778169	15.110284604555584	15.098436199405452	0.0484092490297954
0.221815447383	-0.03966274711	-0.2513982498	0.08541759216	-0.0001465277601	0.001340941177	0.0004276272084	9.6365669	sub-01_dir-AP_run-001_dwi.nii.gz	-0.767711	-0.639769	-0.0362652	1000.0	14.847311131120485	39.41001688634079	1.0	14.857222250943494	14.85914781546258	0.1433317276857914	14.85914781546258	14.847311131120485	0.0493712058038625
0.22654251692	-0.04622827059	-0.1280620387	0.08496070357	-0.0003139058535	0.002283350332	0.001241517835	-4.577560699999999	sub-01_dir-AP_run-001_dwi.nii.gz	0.751004	-0.151795	0.642613	1000.0	15.13445142839308	39.41001688634079	1.0	15.142410475796584	15.145354751111492	0.1405004825054575	15.145354751111492	15.13445142839308	0.0486814710105689
0.15806875257999997	-0.03880394714	-0.04866213987	0.07394242200999998	0.0001113571925	0.002601702698	0.0007806082721999999	18.4508364	sub-01_dir-AP_run-001_dwi.nii.gz	0.422739	-0.250243	0.871017	1000.0	15.049637150685866	39.41001688634079	1.0	15.061058910200073	15.061197099402944	0.1411425078571248	15.061197099402944	15.049637150685866	0.0495834290534944
0.18320249902	-0.02037901447	-0.1414772361	0.07144606439	-0.0004553022736	0.001988953445	0.0005706947413	36.21331300000001	sub-01_dir-AP_run-001_dwi.nii.gz	-0.257371	-0.899798	0.352313	1000.0	14.535435193081751	39.41001688634079	1.0	14.543052827034758	14.54654789608447	0.1453648217835103	14.54654789608447	14.535435193081751	0.0515558367261757
0.196058733905	-0.01806919708	-0.2610663796	0.04341494149	-0.0007194100763	0.00135636807	0.0005965745659	-4.053654000000001	sub-01_dir-AP_run-001_dwi.nii.gz	-0.779263	0.573021	0.253763	1000.0	14.95005696781572	39.41001688634079	1.0	14.962734150166296	14.962430150119305	0.1423089359264973	14.962430150119305	14.95005696781572	0.0491794350935004
0.11855416798599996	0.001391760899	-0.2920176954	0.004662971268	-0.0008773965528	0.00172142114	0.0005318156327	-19.2892124	sub-01_dir-AP_run-001_dwi.nii.gz	0.611109	0.723216	-0.32172	1000.0	14.63536094369478	39.41001688634079	1.0	14.647686932395873	14.645829379348095	0.1449672183868993	14.645829379348095	14.63536094369478	0.0507269902369123
0.159713451471	-0.03248664705	-0.2171220873	0.01743654276	-0.0009933185065	0.001210521674	0.0006683114916	-8.224284200000001	sub-01_dir-AP_run-001_dwi.nii.gz	-0.519478	0.35719	0.776246	1000.0	15.080642674847288	39.41001688634079	1.0	15.09144781057747	15.09349200427894	0.1407902323084884	15.09349200427894	15.080642674847288	0.0485822947621497
0.09794718358499999	-0.0258336761	-0.1795748504	0.0284081317	-0.0005861119716	0.001595967216	0.0006054558326	-15.04036636	sub-01_dir-AP_run-001_dwi.nii.gz	0.928178	0.057852	-0.367611	1000.0	15.139623361357318	39.41001688634079	1.0	15.14694269244688	15.150636781283694	0.1403864882706751	15.150636781283694	15.139623361357318	0.048033742817506
0.16991687634	-0.01104797969	-0.243356511	-0.03505222011	-0.0008840237861	0.001563676051	0.0003778754617	-6.314878910000001	sub-01_dir-AP_run-001_dwi.nii.gz	0.404011	0.684681	-0.60662	1000.0	14.574315563211911	39.41001688634079	1.0	14.58485197056644	14.584296958600364	0.1451843052543623	14.584296958600364	14.574315563211911	0.0511625625558195
0.277705482897	-0.01733183827	-0.06779985728	0.007446878477	-0.001057105255	0.001478158287	0.001186593669	17.778606999999997	sub-01_dir-AP_run-001_dwi.nii.gz	-0.193527	-0.515055	0.835025	1000.0	14.839403315865743	39.41001688634079	1.0	14.848483086043183	14.851418585265153	0.1430925295917915	14.851418585265153	14.839403315865743	0.050658623494039
0.16572395993900005	-0.008867693662999998	-0.2107834724	0.004380187365	-0.001081239199	0.00132565794	0.00123414956	-18.2065005	sub-01_dir-AP_run-001_dwi.nii.gz	0.317647	-0.89299	-0.318857	1000.0	14.759701908642024	39.41001688634079	1.0	14.766018930190077	14.770238146726175	0.1441093492849831	14.770238146726175	14.759701908642024	0.0499096092714842
0.06686792885199999	-0.02026812145	-0.2026662989	0.01540199033	-0.001475674333	0.001208558562	0.00144918554	-11.057680900000001	sub-01_dir-AP_run-001_dwi.nii.gz	0.916509	0.039232	0.398086	1000.0	15.260748072640515	39.41001688634079	1.0	15.273171603853246	15.271452813005158	0.1393218282399528	15.271452813005158	15.260748072640515	0.048018101737518
0.307111059584	-0.01772780909	-0.3207383112	-0.07624833439	2.772451808e-05	0.001364113996	0.001211171621	9.107051919999996	sub-01_dir-AP_run-001_dwi.nii.gz	0.213809	-0.200238	-0.956133	1000.0	14.976271218335228	39.41001688634079	1.0	14.988014613382964	14.987363010033	0.1418133884858291	14.987363010033	14.976271218335228	0.0487399390288482
0.22706983133700004	-0.00639404344	-0.2245915495	-0.000742604162	-0.0004485166282	0.0009769535391	0.001192901749	4.908626599999997	sub-01_dir-AP_run-001_dwi.nii.gz	-0.558582	0.673497	0.484136	1000.0	14.94287777309846	39.41001688634079	1.0	14.95029101828396	14.955146043242344	0.1422054552915132	14.955146043242344	14.94287777309846	0.0497028183544512
0.15505490129700003	-0.02662489439	-0.2910965111	0.01871020592	-0.0001357232977	0.001294844202	0.0008462601691	-13.7373396	sub-01_dir-AP_run-001_dwi.nii.gz	0.946087	0.323913	-0.00094725	1000.0	15.133837111536256	39.41001688634079	1.0	15.143154715745576	15.144232718780408	0.1408580796176194	15.144232718780408	15.133837111536256	0.0482770463141821
0.141142636011	-0.01082763732	-0.2336603227	0.009118128524	-0.0007359888986999999	0.001009864034	0.001127356663	5.397764779999999	sub-01_dir-AP_run-001_dwi.nii.gz	-0.303766	0.645548	0.700709	1000.0	14.9051535548349	39.41001688634079	1.0	14.917407675472608	14.916784329771843	0.1427196131407798	14.916784329771843	14.9051535548349	0.0497004047766203
0.175102398651	0.001194398792	-0.253857255	-0.03254019596	0.0003063662734	0.00193578552	0.001071131206	13.23595385	sub-01_dir-AP_run-001_dwi.nii.gz	-0.0596607	0.0208507	-0.998001	1000.0	14.898221761937055	39.41001688634079	1.0	14.912563114994226	14.909288184332397	0.1420018430235637	14.909288184332397	14.898221761937055	0.0493604125984287
0.2393660155485	0.008627343509999998	-0.0949870319	-0.02622003979	-3.296623981e-05	0.001334306551	0.001465173555	18.870316	sub-01_dir-AP_run-001_dwi.nii.gz	-0.253145	-0.169717	0.952425	1000.0	15.00779148865276	39.41001688634079	1.0	15.01684502576298	15.018653212325312	0.1419337390120141	15.018653212325312	15.00779148865276	0.0495389189954916
0.2873247545189	-0.0006392878894	-0.324953971	-0.03868742427	-0.0004321460146	0.001255428186	0.001230755704	-15.2487785	sub-01_dir-AP_run-001_dwi.nii.gz	-0.619449	-0.437916	-0.651546	1000.0	14.958823443067317	39.41001688634079	1.0	14.969838356683727	14.969885566303356	0.1418699749561252	14.969885566303356	14.958823443067317	0.0486035357608069
0.11226077661439998	0.02502529105	-0.3165863564	-0.004853493855	-0.0004576972278	0.001048797276	0.001886466634	-13.8341863	sub-01_dir-AP_run-001_dwi.nii.gz	-0.862377	-0.348035	-0.367665	1000.0	15.019364160132053	39.41001688634079	1.0	15.031745980458046	15.030630361892428	0.1418194797281217	15.030630361892428	15.019364160132053	0.0483353088571404
0.096146897945	0.03136338962	-0.2506243653	-0.01005535661	-0.000449244224	0.0009411633364	0.001629654667	-11.82985169	sub-01_dir-AP_run-001_dwi.nii.gz	-0.93097	0.261904	-0.254366	1000.0	15.074349037453606	39.41001688634079	1.0	15.089739612952144	15.085149383822294	0.1411761394746105	15.085149383822294	15.074349037453606	0.0482514282095171
0.06412853380600002	0.03126060497	-0.2775252466	-0.008226901329	-0.0005568803172	0.0005370837171	0.001823867206	-11.004744299999997	sub-01_dir-AP_run-001_dwi.nii.gz	0.642554	-0.764849	-0.0461569	1000.0	14.791948688202348	39.41001688634079	1.0	14.801356864671114	14.803354597570236	0.1433113279525747	14.803354597570236	14.791948688202348	0.0496917667886523
0.15176784304599997	0.05808399085	-0.2333502932	-0.0596883778	-0.0007808672963	0.0003814293013	0.002030386357	9.925629699999998	sub-01_dir-AP_run-001_dwi.nii.gz	-0.337641	0.936996	-0.0896522	1000.0	14.55167215102265	39.41001688634079	1.0	14.563991711041032	14.563656848902014	0.1458002070715879	14.563656848902014	14.55167215102265	0.0513348120014444
0.16667626813500003	0.08749086737	-0.3171218284	-0.04881424961	-0.0003905068734	0.0001837431337	0.001765958383	-23.051518266000002	sub-01_dir-AP_run-001_dwi.nii.gz	0.822112	0.463241	-0.330967	1000.0	14.871663342870043	39.41001688634079	1.0	14.87692468420962	14.881879404708508	0.1428588807685029	14.881879404708508	14.871663342870043	0.0491443408525098
0.15518652098000002	0.04649550244	-0.3276107971	-0.08094724897999998	0.0001431885612	0.0008495704386999998	0.001997819403	-0.3596214000000011	sub-01_dir-AP_run-001_dwi.nii.gz	-0.373445	-0.075086	-0.924609	1000.0	14.94910671963252	39.41001688634079	1.0	14.956828697720104	14.959876187325158	0.1421494947095606	14.959876187325158	14.94910671963252	0.0489823721415212
0.21545936230500004	0.02900454491	-0.2199973103	-0.05656741791	-0.0005752754514	0.0003253941832	0.001920957933	-6.672919300000001	sub-01_dir-AP_run-001_dwi.nii.gz	0.661777	0.653029	0.368244	1000.0	14.89695363661312	39.41001688634079	1.0	14.911239423391752	14.908690655006737	0.1428409687856623	14.908690655006737	14.89695363661312	0.0498150306018118
0.16439582597499997	0.05064420804	-0.3228087205	-0.078680517	-0.0006112115807	0.00052137085	0.002045678208	-7.52338734	sub-01_dir-AP_run-001_dwi.nii.gz	0.0313002	-0.797832	-0.602067	1000.0	14.770089327558996	39.41001688634079	1.0	14.780062554929431	14.78042202710038	0.1434428784147019	14.78042202710038	14.770089327558996	0.0495782430317803
0.221858442475	0.05869168181	-0.1511332322	-0.1062986895	-0.000486954872	0.0006553413114	0.00201355922	6.9274461	sub-01_dir-AP_run-001_dwi.nii.gz	-0.606255	0.468194	-0.642845	1000.0	14.82522667512752	39.41001688634079	1.0	14.834401764634924	14.836144498885044	0.1437204478836481	14.836144498885044	14.82522667512752	0.0495397642198067
0.226996896515	0.06699368839	-0.3016362833	-0.1272008478	-0.0001567935833	0.0002408630244	0.002214713255	28.927376499999998	sub-01_dir-AP_run-001_dwi.nii.gz	-0.0155603	0.773928	-0.633083	1000.0	14.55783951509881	39.41001688634079	1.0	14.566355830705335	14.568090941320667	0.1458453504587386	14.568090941320667	14.55783951509881	0.0519467190471319
0.14379187404549995	0.06478412555	-0.2714173333	-0.03817416933	-0.0002858312218	8.924650318999998e-05	0.00204863376	-5.1857215	sub-01_dir-AP_run-001_dwi.nii.gz	0.804123	-0.284025	-0.522223	1000.0	15.084600052634546	39.41001688634079	1.0	15.093553438797844	15.094963351134153	0.140555809377408	15.094963351134153	15.084600052634546	0.0480624157735011
0.1714230983755	0.02657632704	-0.3528972139	-0.06260974377	-0.0003510543611	0.0004369180824	0.001915531582	-15.037970150000001	sub-01_dir-AP_run-001_dwi.nii.gz	-0.278087	-0.404699	-0.871141	1000.0	14.950198616359277	39.41001688634079	1.0	14.955048337900015	14.960824309547569	0.1421188336982416	14.960824309547569	14.950198616359277	0.0485501514689373
0.10939739653000002	0.05181576455	-0.3352205685	-0.04463953004	-0.0007974439068	0.0002053752833	0.002207821235	-5.1483765	sub-01_dir-AP_run-001_dwi.nii.gz	-0.382584	-0.862397	-0.331513	1000.0	14.71302001434603	39.41001688634079	1.0	14.719648796291509	14.724112016614194	0.1442628949058461	14.724112016614194	14.71302001434603	0.0503557535664946
0.148135370143	0.05293729687	-0.2567185709	-0.02196404837	-0.0003603240766	7.726235343999998e-05	0.002559315646	-2.9990241999999983	sub-01_dir-AP_run-001_dwi.nii.gz	0.813025	-0.518325	0.265199	1000.0	15.028135908552056	39.41001688634079	1.0	15.035897999276225	15.038723163913042	0.1414243264675873	15.038723163913042	15.028135908552056	0.0485430343602912
0.339163891857	0.04463288827	-0.4029446519	-0.07917684600999998	-0.001477734302	-0.0001648985635	0.001370474696	6.978736	sub-01_dir-AP_run-001_dwi.nii.gz	0.999996	0.0	-0.00300296	2000.0	9.750026214778709	39.41001688634079	1.0	9.75016263420014	9.75095719550466	0.2120034041140003	9.75095719550466	9.750026214778709	0.056267106719551
0.224542816062	0.06415926236	-0.281410796	-0.1394243956	-0.001131654601	-8.323660586e-05	0.001407433767	-3.211866580000001	sub-01_dir-AP_run-001_dwi.nii.gz	0.00200196	0.999994	-0.00300295	2000.0	9.1588292451673	39.41001688634079	1.0	9.164483491013112	9.160297605246148	0.2248288348678711	9.160297605246148	9.1588292451673	0.0613827467454036
0.30609811948200005	0.07589413252	-0.08461313779	-0.2043549026	-0.0005991645739	-0.000157399365	0.001361384871	11.90302416	sub-01_dir-AP_run-001_dwi.nii.gz	-0.0261823	0.647591	-0.761538	2000.0	9.219590948923145	39.41001688634079	1.0	9.217429001016733	9.220771185725749	0.2238391134594282	9.220771185725749	9.219590948923145	0.0608528596968639
0.320375689635	0.08172118942	-0.3087540331	-0.1671867528	-0.0009378275136	0.0001329601218	0.001797154197	-15.815323399999999	sub-01_dir-AP_run-001_dwi.nii.gz	0.590738	-0.765564	-0.254834	2000.0	9.364026376487535	39.41001688634079	1.0	9.368051965396612	9.364979997982976	0.2205112524489778	9.364979997982976	9.364026376487535	0.0585207771863304
0.17875383559	0.01893066424	-0.3343953195	-0.180659466	-0.0002083587606	0.0001106751806	0.001011921675	-6.833869890000002	sub-01_dir-AP_run-001_dwi.nii.gz	-0.235419	-0.522813	-0.819295	2000.0	9.494722082209936	39.41001688634079	1.0	9.499730738079236	9.496715054012425	0.2177148756139202	9.496715054012425	9.494722082209936	0.057414435616645
0.099448278165	0.01864255137	-0.3222196689	-0.1501681612	-0.0006108211819	0.0002682942722	0.00158170436	-8.676875920000002	sub-01_dir-AP_run-001_dwi.nii.gz	-0.892007	-0.258702	-0.370671	2000.0	9.612061901679391	39.41001688634079	1.0	9.613324803115685	9.6138887614418	0.2151292260775969	9.6138887614418	9.612061901679391	0.056469812839913
0.282309175095	0.08110574902999998	-0.169626467	-0.170895485	-0.0005964807351	-0.0005801751977	0.001514005242	-3.900946000000001	sub-01_dir-AP_run-001_dwi.nii.gz	0.79476	0.128674	-0.593128	2000.0	9.538160391011395	39.41001688634079	1.0	9.534679858346689	9.539587567010528	0.2169547511690257	9.539587567010528	9.538160391011395	0.0573143693739459
0.19668677694999995	0.07766131776	-0.2870215616	-0.2073894446	-0.001005287282	-0.000513293955	0.001202627202	2.5889738999999987	sub-01_dir-AP_run-001_dwi.nii.gz	0.233797	0.929074	-0.286637	2000.0	9.097176283329636	39.41001688634079	1.0	9.098204130693274	9.09890292383382	0.2268310701190188	9.09890292383382	9.097176283329636	0.0619168739660126
0.18766526377	0.09398992877	-0.2692763426	-0.09450637958	-0.0008729861000999999	-0.0005257415469	0.001872045803	-15.236558480000001	sub-01_dir-AP_run-001_dwi.nii.gz	0.934685	0.139818	-0.326825	2000.0	9.60919090903024	39.41001688634079	1.0	9.609719924520498	9.610144218122867	0.2150425893967231	9.610144218122867	9.60919090903024	0.0569619413891463
0.146066767845	0.0655386741	-0.2490970713	-0.08568891345	-0.001142978668	0.0004192489141	0.002429438289	-24.40790334	sub-01_dir-AP_run-001_dwi.nii.gz	0.506072	-0.845174	0.171964	2000.0	9.19348912184439	39.41001688634079	1.0	9.193564855503285	9.196162208326603	0.2245273253538359	9.196162208326603	9.19348912184439	0.0591877292236205
0.1139995074	0.06333090969	-0.1826993529	-0.08970414511999998	-0.001552455476	0.0002222428157	0.002208345337	-18.900742700000002	sub-01_dir-AP_run-001_dwi.nii.gz	0.346537	-0.848572	0.399798	2000.0	9.158186345619711	39.41001688634079	1.0	9.15609544365748	9.159981475843455	0.2257609239450629	9.159981475843455	9.158186345619711	0.059747605115703
0.08109470918	0.06540313782	-0.2227563486	-0.1002275324	-0.001500714687	0.0005579025601	0.002389786765	-4.979780399999999	sub-01_dir-AP_run-001_dwi.nii.gz	0.457782	-0.632028	0.625281	2000.0	9.2636242736936	39.41001688634079	1.0	9.262348351686226	9.265419347058112	0.2241168651659772	9.265419347058112	9.2636242736936	0.0594261458676698
0.27135688285000004	0.03436157752	-0.3575510652	-0.1267767294	-0.0009132006089	0.0002120184072	0.001743756817	-21.07823047	sub-01_dir-AP_run-001_dwi.nii.gz	-0.485928	-0.387906	-0.783201	2000.0	9.49804274016849	39.41001688634079	1.0	9.49731707422151	9.499607929578172	0.21800899715493	9.499607929578172	9.49804274016849	0.0572873885164874
0.21724384582000003	0.05844502393	-0.2566868329	-0.1225586762	-0.00151262118	-0.0003884849139	0.002305395203	7.557440400000001	sub-01_dir-AP_run-001_dwi.nii.gz	-0.6171	0.672057	-0.4093	2000.0	9.23932699543179	39.41001688634079	1.0	9.24306919815954	9.240944074760256	0.2237087414242147	9.240944074760256	9.23932699543179	0.0598724359972769
0.18586491151	0.1034779453	-0.3021362759	-0.1850963487	-0.001243195846	-0.0007212551427	0.002250693273	-2.4058635	sub-01_dir-AP_run-001_dwi.nii.gz	-0.578356	-0.105145	0.80898	2000.0	9.559878394560606	39.41001688634079	1.0	9.560281281772909	9.56214021253346	0.2170049965917791	9.56214021253346	9.559878394560606	0.0567794171050901
0.2694384134545001	0.05315463058	-0.4024321786	-0.1699738003	-0.0005790627911	2.642737309e-05	0.001588575891	-15.9345193	sub-01_dir-AP_run-001_dwi.nii.gz	-0.826111	-0.520521	-0.215864	2000.0	9.453703151470783	39.41001688634079	1.0	9.45398852297989	9.45573670812396	0.2186054035573562	9.45573670812396	9.453703151470783	0.0579656714530648
0.2012006180505	0.04419297468	-0.3299241877	-0.09577265607	-0.001024521305	0.0001226535096	0.001957487781	-9.621918100000002	sub-01_dir-AP_run-001_dwi.nii.gz	0.894932	-0.0397271	0.44443	2000.0	9.705851457258492	39.41001688634079	1.0	9.705389762015544	9.707600159637757	0.2134271620005973	9.707600159637757	9.705851457258492	0.0565487917188639
0.21119033767499995	0.0545154353	-0.195520355	-0.1071785782	-0.0009980568429	0.001000721124	0.001760857413	-2.2272526	sub-01_dir-AP_run-001_dwi.nii.gz	0.290638	-0.542504	0.788175	2000.0	9.326099684293784	39.41001688634079	1.0	9.32679565389719	9.328544834358215	0.221644659127994	9.328544834358215	9.326099684293784	0.0591509792604656
0.14164998835999995	0.06518933513	-0.2398185309	-0.142175198	-0.001423426322	0.0005695094005	0.001937902067	-5.754447799999998	sub-01_dir-AP_run-001_dwi.nii.gz	0.115952	-0.963375	0.241793	2000.0	9.09795923345451	39.41001688634079	1.0	9.09466279791139	9.099447585519387	0.2271043131443564	9.099447585519387	9.09795923345451	0.0603588261780957
0.31277059392999995	0.08976199256	-0.3815215567	-0.1807689902	-0.0007655291701999999	-0.0007889078697	0.001796194119	-2.002189349999999	sub-01_dir-AP_run-001_dwi.nii.gz	-0.801301	0.40342	0.441779	2000.0	9.524194646672468	39.41001688634079	1.0	9.527553033827914	9.525703900878916	0.2174697654881439	9.525703900878916	9.524194646672468	0.0576236042274469
0.122072340555	0.08840169418	-0.3618294303	-0.193194819	-0.000448538136	-0.0003547312808	0.0007754800026	-11.446776819999998	sub-01_dir-AP_run-001_dwi.nii.gz	0.513778	0.839482	-0.176922	2000.0	9.174144627055114	39.41001688634079	1.0	9.180142687277051	9.174926297419816	0.2245406040243192	9.174926297419816	9.174144627055114	0.0608850724639563
0.16961166786999995	0.07562442449999998	-0.3080731172	-0.1870451888	-0.0007274319069	-0.0007397762383	0.002050110372	8.8808458	sub-01_dir-AP_run-001_dwi.nii.gz	-0.789939	0.153018	0.593787	2000.0	9.609179016726015	39.41001688634079	1.0	9.612248832480311	9.61106662885213	0.2155294320767889	9.61106662885213	9.609179016726015	0.056808342557089
0.077987430245	0.07806514287	-0.3152885721	-0.2117460575	-0.0005081247073	-0.0001681601134	0.001968425931	-1.7075362000000007	sub-01_dir-AP_run-001_dwi.nii.gz	0.9486	-0.233021	-0.21415	2000.0	9.686185412056115	39.41001688634079	1.0	9.686621129090629	9.687594070358124	0.213583567836668	9.687594070358124	9.686185412056115	0.0563108300497983
0.18077765315	0.09710903808	-0.2176665545	-0.2371087055	-0.000281716726	-0.0005555412499	0.001807233202	-2.7184420999999994	sub-01_dir-AP_run-001_dwi.nii.gz	0.232369	0.781597	-0.578888	2000.0	9.159800673037102	39.41001688634079	1.0	9.159780023781211	9.16020217471281	0.2259935008656655	9.16020217471281	9.159800673037102	0.0613600385397334
0.201678397605	0.02910208828	-0.2478384838	-0.1962344718	-0.0005576700787	0.0003336328955	0.0018946114	13.3794491	sub-01_dir-AP_run-001_dwi.nii.gz	-0.0210333	-0.1887	0.98181	2000.0	9.523539147245524	39.41001688634079	1.0	9.528252037774216	9.52481320047285	0.2179921270991265	9.52481320047285	9.523539147245524	0.0579457715138664
0.200928694036	0.07742545344	-0.2978498855	-0.2499723969	-0.0001830171095	6.912043318e-05	0.00223256601	-7.90706763	sub-01_dir-AP_run-001_dwi.nii.gz	0.216616	-0.95513	-0.201999	2000.0	9.224593732077045	39.41001688634079	1.0	9.226825165003705	9.22634677913312	0.2236339372021987	9.22634677913312	9.224593732077045	0.0596819515674212
0.287597968684	0.1163560829	-0.4216310619	-0.2106010354	0.0002831529418	-0.000470680272	0.00293689128	8.522065600000001	sub-01_dir-AP_run-001_dwi.nii.gz	0.773548	-0.603698	-0.192801	2000.0	9.47418751460743	39.41001688634079	1.0	9.471001568181428	9.475884076638955	0.2187729216270924	9.475884076638955	9.47418751460743	0.0577362838954074
0.38973431964	0.1007838946	-0.1380772927	-0.2539453648	0.0005933912471	-0.0007743848255	0.002605553484	29.012614699999997	sub-01_dir-AP_run-001_dwi.nii.gz	-0.160485	0.354765	-0.921079	2000.0	9.424027992523325	39.41001688634079	1.0	9.426263161522687	9.425887919249432	0.2200834919107155	9.425887919249432	9.424027992523325	0.0587653925639366
0.49800805006	0.1144884709	-0.4469770035	-0.1646813177	-0.0004777614959	-0.0008121821446999999	0.003219397739	8.3075615	sub-01_dir-AP_run-001_dwi.nii.gz	-0.147568	0.732555	0.66452	2000.0	9.43477747484929	39.41001688634079	1.0	9.439737028037705	9.437004356220966	0.2196065387372269	9.437004356220966	9.43477747484929	0.0590363910628972
0.11778635947999996	0.1293397394	-0.4229939688	-0.1282592535	-0.0007479620981	-0.0008889307501	0.002715747105	-13.22577271	sub-01_dir-AP_run-001_dwi.nii.gz	0.887594	0.416836	-0.196021	2000.0	9.480014868077957	39.41001688634079	1.0	9.478659377207949	9.481250860016033	0.2182680208977884	9.481250860016033	9.480014868077957	0.0581781731963922
0.131286685185	0.1187241773	-0.4021780142	-0.158673413	-0.0009569450049	-0.001182123553	0.003602391575	-7.6370909	sub-01_dir-AP_run-001_dwi.nii.gz	-0.563227	0.232617	0.792884	2000.0	9.563152639213811	39.41001688634079	1.0	9.56779907460063	9.565726540395948	0.2166431097788761	9.565726540395948	9.563152639213811	0.0570885621753157
0.5141645375949999	0.09103084301	-0.1180294723	-0.2240942258	0.0002965636668	0.0002511068014	0.003551093629	22.808448739999996	sub-01_dir-AP_run-001_dwi.nii.gz	-0.379767	0.142582	-0.914028	2000.0	9.492860756252334	39.41001688634079	1.0	9.495217908287236	9.49463042043858	0.2178721881463283	9.49463042043858	9.492860756252334	0.0576143614057734
0.28376968484	0.1347823854	-0.2068264169	-0.1543832266	-0.0003959871538	-0.000429155567	0.003808484413	9.262848599999998	sub-01_dir-AP_run-001_dwi.nii.gz	-0.306818	-0.199682	0.930586	2000.0	9.536578284948313	39.41001688634079	1.0	9.537001973151355	9.538797086055116	0.2177271035235254	9.538797086055116	9.536578284948313	0.0579468817003843
0.14810512185499997	0.1066040261	-0.1998663277	-0.2081529453	0.0001240326674	0.0001050868159	0.003938161302	10.2923867	sub-01_dir-AP_run-001_dwi.nii.gz	-0.330955	-0.129512	-0.934717	2000.0	9.50741592306497	39.41001688634079	1.0	9.509651424287856	9.508909628592646	0.2177138968048691	9.508909628592646	9.50741592306497	0.0570329129237953
0.386171620505	0.1073546477	-0.4219986535	-0.1420920825	-0.0004416430311	-0.0004965884727	0.003160956083	-3.5705596600000002	sub-01_dir-AP_run-001_dwi.nii.gz	-0.963102	-0.265031	-0.046823	2000.0	9.657451442637582	39.41001688634079	1.0	9.660104215133812	9.659534664076071	0.2142304527733331	9.659534664076071	9.657451442637582	0.0564924500514106
0.222559345085	0.1258721782	-0.306714612	-0.1701407961	-0.000377989636	-0.0003035331611	0.004118428566	-3.7925387099999988	sub-01_dir-AP_run-001_dwi.nii.gz	-0.958873	0.205086	-0.196222	2000.0	9.622389515320023	39.41001688634079	1.0	9.620929836805734	9.623840581389924	0.2153127056642036	9.623840581389924	9.622389515320023	0.0565013032936315
0.08357367598449998	0.1466631461	-0.2836486099	-0.1750458768	-0.0008176364353999999	-8.459570381e-05	0.004156076815	-15.293822999999998	sub-01_dir-AP_run-001_dwi.nii.gz	0.452975	-0.888703	-0.0708605	2000.0	9.218601211871936	39.41001688634079	1.0	9.218634217374072	9.219809576645202	0.2241125527370336	9.219809576645202	9.218601211871936	0.0592761032511102
0.1476902682295	0.1441256315	-0.3499158271	-0.1801711983	-0.001020515687	-0.0009690072038	0.004543990362	6.477057290000002	sub-01_dir-AP_run-001_dwi.nii.gz	-0.772941	0.627901	-0.0911208	2000.0	9.355214107524112	39.41001688634079	1.0	9.356761274535144	9.357162757349966	0.2213884786783487	9.357162757349966	9.355214107524112	0.0585526364809024
0.219236003252	0.1916761584	-0.329215877	-0.1895801016	-2.753756416e-05	-0.001856063725	0.003592492547	-0.017840199999999196	sub-01_dir-AP_run-001_dwi.nii.gz	0.707742	0.407352	-0.577205	2000.0	9.393728005885356	39.41001688634079	1.0	9.394429940202311	9.395213015575724	0.220588902791053	9.395213015575724	9.393728005885356	0.0589499120149088
0.384794558327	0.1395830365	-0.2149329145	-0.119654044	-0.0007264177548	-0.0003010600631	0.004308457021	-12.951719	sub-01_dir-AP_run-001_dwi.nii.gz	-0.691221	0.023971	-0.722246	2000.0	9.574771216000087	39.41001688634079	1.0	9.57483865825708	9.576065490616044	0.2161987466473464	9.576065490616044	9.574771216000087	0.056853900866248
0.410423547675	0.1262611608	-0.4761605267	-0.08336483882999998	-0.001710802549	-0.001052971114	0.004053055774	-1.9208834110000006	sub-01_dir-AP_run-001_dwi.nii.gz	0.682621	0.529726	0.503408	2000.0	9.472548260343032	39.41001688634079	1.0	9.469488316186734	9.47441616684806	0.2187294670686336	9.47441616684806	9.472548260343032	0.0585304224897496
0.09111147901000001	0.1372991884	-0.4978197012	-0.06234159163	-0.001398295513	-0.0006279952358	0.004042718094	-10.168054499999998	sub-01_dir-AP_run-001_dwi.nii.gz	-0.141746	-0.723436	-0.675683	2000.0	9.396275752008115	39.41001688634079	1.0	9.401230419273125	9.399528442516198	0.2196652964177612	9.399528442516198	9.396275752008115	0.0584943088577877
0.35653867245000004	0.1546921783	-0.2856231727	-0.04075658825	-0.002239525318	-0.0003989874094	0.005079763476	-11.0088333	sub-01_dir-AP_run-001_dwi.nii.gz	-0.738882	0.387606	-0.551194	2000.0	9.429367756489242	39.41001688634079	1.0	9.432696367333577	9.430885650501793	0.2195728910521418	9.430885650501793	9.429367756489242	0.0581377947198322
0.16541054094	0.1608643914	-0.2096165711	-0.07902742642	-0.002224699594	-0.0007771069067999998	0.004573490936	8.331087999999998	sub-01_dir-AP_run-001_dwi.nii.gz	-0.102784	0.820662	-0.562093	2000.0	9.13604473472469	39.41001688634079	1.0	9.138856218442504	9.136883949879852	0.2261944837640951	9.136883949879852	9.13604473472469	0.0617831015566166
0.31985069357999996	0.2034766466	-0.4062585116	-0.05289068842	-0.001437973464	-0.0006606448442	0.004759497941	-7.8379332	sub-01_dir-AP_run-001_dwi.nii.gz	0.582845	-0.595237	-0.553159	2000.0	9.474960067933615	39.41001688634079	1.0	9.471518551069291	9.476902735035072	0.2185742045953295	9.476902735035072	9.474960067933615	0.0577693777368876
0.27034499935	0.128219173	-0.344700699	-0.1147761482	-0.0009058323922	-0.0004976689816	0.004021729808	-2.7081107999999996	sub-01_dir-AP_run-001_dwi.nii.gz	-0.0875538	-0.33416	-0.938441	2000.0	9.513160538670162	39.41001688634079	1.0	9.517309233314377	9.515656375181962	0.217336441674926	9.515656375181962	9.513160538670162	0.0570824141002285
0.255944347945	0.1179934544	-0.4363745402	-0.03890311213	-0.001549204462	-0.0004852301499	0.003114105668	-15.175653299999999	sub-01_dir-AP_run-001_dwi.nii.gz	-0.551799	-0.791713	-0.262121	2000.0	9.289568540597712	39.41001688634079	1.0	9.293228385807096	9.291789404230595	0.2224038829009886	9.291789404230595	9.289568540597712	0.059519652204753
0.17419779069349997	0.1220134104	-0.3930076022	-0.03059265848	-0.001886495389	3.774962897e-05	0.004623843823	-2.7249137999999995	sub-01_dir-AP_run-001_dwi.nii.gz	0.838915	-0.45857	0.293148	2000.0	9.538328480333416	39.41001688634079	1.0	9.54314868427855	9.53996996134072	0.2179338497415025	9.53996996134072	9.538328480333416	0.0574047606924115
0.3056198818385001	0.1339182597	-0.5183078089	-0.097544559	-0.00140265259	-0.0005686300574	0.003684807802	9.3007894	sub-01_dir-AP_run-001_dwi.nii.gz	0.362253	-0.559707	-0.74532	2000.0	9.466535910817612	39.41001688634079	1.0	9.471865360423235	9.46827737170248	0.218553620921157	9.46827737170248	9.466535910817612	0.0578420259734246
0.18759758860999995	0.08737569769	-0.5466071609	-0.1388494509	-0.002055496909	-0.0005233380944	0.00295392843	10.173614399999998	sub-01_dir-AP_run-001_dwi.nii.gz	-0.184553	0.393121	0.900775	2000.0	9.557757376662126	39.41001688634079	1.0	9.562701407916732	9.56008351806895	0.2169486467258245	9.56008351806895	9.557757376662126	0.0574832232639306
0.17095896531000004	0.08343965694999998	-0.4472463312	-0.1366734004	-0.001633357606	-0.000466276455	0.002123408485	3.2933879	sub-01_dir-AP_run-001_dwi.nii.gz	-0.720899	-0.692935	-0.0120322	2000.0	9.298846641807115	39.41001688634079	1.0	9.304418911234038	9.300539450118228	0.2220120075012603	9.300539450118228	9.298846641807115	0.0589703809788519
0.2333957520995	0.03130695591	-0.5187801248	-0.1884808813	-0.001089195139	-4.916391481e-05	0.002320569009	11.01645865	sub-01_dir-AP_run-001_dwi.nii.gz	0.434067	0.683278	0.587126	2000.0	9.46893022869142	39.41001688634079	1.0	9.467296524151717	9.469928636439594	0.2188868054383793	9.469928636439594	9.46893022869142	0.0591409011514654
0.3904893138295	0.1383001385	-0.3074621597	-0.1530005597	-0.00130306941	-0.0004230067716	0.002466808772	-4.080355300000002	sub-01_dir-AP_run-001_dwi.nii.gz	0.501352	0.688955	-0.523438	2000.0	9.2186005244249	39.41001688634079	1.0	9.220032225266676	9.219419079891534	0.2239810811048116	9.219419079891534	9.2186005244249	0.0607482116489503
0.19711792688	0.1103230888	-0.2865648582	-0.1061848481	-0.001908968668	0.000238010296	0.003228449728	16.542579399999997	sub-01_dir-AP_run-001_dwi.nii.gz	-0.171254	-0.510192	0.842838	2000.0	9.329248257421552	39.41001688634079	1.0	9.329674602353997	9.331800461647234	0.2222460486458368	9.331800461647234	9.329248257421552	0.0592324476356755
0.184205351825	0.131766927	-0.2784207586	-0.1712726653	-0.001013408066	-0.0003201523505	0.00289158104	13.9103996	sub-01_dir-AP_run-001_dwi.nii.gz	0.461686	0.421928	-0.780271	2000.0	9.345906438568427	39.41001688634079	1.0	9.346632718123695	9.347002337895155	0.2209951842180793	9.347002337895155	9.345906438568427	0.059252342339861
0.363150568135	0.1213868351	-0.516833144	-0.1213679043	-0.001500354847	0.0003770798212	0.002996468684	-14.174341700000001	sub-01_dir-AP_run-001_dwi.nii.gz	0.384591	-0.807952	-0.446434	2000.0	9.356909105494749	39.41001688634079	1.0	9.359076927053714	9.358076544950798	0.2207175576908187	9.358076544950798	9.356909105494749	0.0588561077562026
0.33687009032	0.02374067383	-0.3151468617	-0.1184902792	-0.001630796702	0.0002057619422	0.002605027985	-14.9446811	sub-01_dir-AP_run-001_dwi.nii.gz	-0.711723	-0.246481	-0.657798	2000.0	9.57886427997342	39.41001688634079	1.0	9.578899128022195	9.580683970991858	0.215955259027096	9.580683970991858	9.57886427997342	0.0565985971770647
0.234052049635	0.04846048209	-0.4591418592	-0.1507280445	-0.001695703249	-0.0001672069193	0.002380913822	6.5715508	sub-01_dir-AP_run-001_dwi.nii.gz	0.260217	0.885773	0.384309	2000.0	9.3525891850519	39.41001688634079	1.0	9.353424580813044	9.353293179341664	0.2206254178493875	9.353293179341664	9.3525891850519	0.0605081509270227
0.156303828335	0.04738721499	-0.3864677493	-0.1832776366	-0.00158582814	0.0002537076944	0.002850261284	24.1345604	sub-01_dir-AP_run-001_dwi.nii.gz	0.00100411	0.0772812	0.997009	2000.0	9.606538771990422	39.41001688634079	1.0	9.61243839287253	9.608778300198368	0.2162898503024517	9.608778300198368	9.606538771990422	0.0573597734836342
0.15871314544449996	0.08548099192	-0.4712321463	-0.1645536522	-0.001525594736	2.056713311e-05	0.002801015507	-4.9397647000000005	sub-01_dir-AP_run-001_dwi.nii.gz	0.0371127	-0.900853	-0.432536	2000.0	9.325487293640451	39.41001688634079	1.0	9.328351987799204	9.32662782811741	0.2215850341439293	9.32662782811741	9.325487293640451	0.0593208575349959
0.5076377833445	0.04716328921	-0.1795811498	-0.06246071791	-0.002176244976	0.000636197743	0.003046257654	4.279724099999999	sub-01_dir-AP_run-001_dwi.nii.gz	0.571557	-0.30384	0.762236	2000.0	9.538254564241868	39.41001688634079	1.0	9.538786641162178	9.540507209800849	0.2174993689129957	9.540507209800849	9.538254564241868	0.0577377943746379
0.48638137755	0.08039714396	-0.4799635594	-0.1006276244	-0.002552617807	-0.0007810048992	0.003544646315	0.43764059999999916	sub-01_dir-AP_run-001_dwi.nii.gz	-0.282789	0.145645	0.94806	2000.0	9.570814696559834	39.41001688634079	1.0	9.579688603973874	9.572825946911438	0.2163733827479656	9.572825946911438	9.570814696559834	0.0573828509115528
0.13662267180000004	0.09386898639	-0.4384642404	-0.09362757302	-0.00237043784	-0.001060724491	0.002513516694	-11.15694885	sub-01_dir-AP_run-001_dwi.nii.gz	0.720342	0.607426	-0.334875	2000.0	9.28080519895259	39.41001688634079	1.0	9.280408287235693	9.2823288591742	0.2228996319243527	9.2823288591742	9.28080519895259	0.059796635730238
0.13463413965000007	0.0551919209	-0.4500379185	-0.1095218067	-0.001983149908	-0.0003796053934	0.002212140476	-13.3012216	sub-01_dir-AP_run-001_dwi.nii.gz	0.267003	0.960204	0.0819561	2000.0	9.256961075141747	39.41001688634079	1.0	9.25815109686536	9.25752130555882	0.2230929899934692	9.25752130555882	9.256961075141747	0.0611049171561136
0.5278218513994	0.08280712265999998	-0.1536771773	-0.0001648453256	-0.0008243245537999999	-0.0003569368273	0.002920425497	0.0	sub-01_dir-AP_run-001_dwi.nii.gz	0.0	0.0	0.0	0.0	38.527198024662425	39.41001688634079	1.0	38.58493382619035	38.58697983698303	0.0545164834251749	38.58697983698303	38.527198024662425	0.0540204350067308
0.08866139797059996	0.08426350568	-0.1399025543	0.02762854602	-0.0007135164924	-0.000540331821	0.00230188854	0.0	sub-01_dir-AP_run-001_dwi.nii.gz	0.0	0.0	0.0	0.0	39.55994912146216	39.41001688634079	1.0	39.62823975943063	39.62647043020291	0.0540350263129698	39.62647043020291	39.55994912146216	0.054520823216222
0.06871696830999999	0.08709863571999998	-0.1721418683	0.02779757617	-0.0002818680659	-0.0003939578601	0.002393336035	0.0	sub-01_dir-AP_run-001_dwi.nii.gz	0.0	0.0	0.0	0.0	39.58536314220857	39.41001688634079	1.0	39.65386918609661	39.65333340086784	0.0539985110645724	39.65333340086784	39.58536314220857	0.0545248352710914
0.08349079410999997	0.08147509209	-0.2142447997	0.01754434116	-0.0003809687623	-0.0002263071801	0.00214986573	0.0	sub-01_dir-AP_run-001_dwi.nii.gz	0.0	0.0	0.0	0.0	39.47732954807067	39.41001688634079	1.0	39.5431454531355	39.5409399403669	0.0540935649555523	39.5409399403669	39.47732954807067	0.0543512863786362
